Inefficient regular expression,error,/332.py,256
Insecure temporary file,error,/987.py,46
Binding a socket to all network interfaces,error,/328.py,58
Binding a socket to all network interfaces,error,/328.py,62
Binding a socket to all network interfaces,error,/511.py,54
Binding a socket to all network interfaces,error,/712.py,209
Accepting unknown SSH host keys when using Paramiko,error,/22.py,410
Accepting unknown SSH host keys when using Paramiko,error,/596.py,265
Flask app is run in debug mode,error,/540.py,48
Clear-text logging of sensitive information,error,/544.py,41
Clear-text logging of sensitive information,error,/891.py,164
Clear-text logging of sensitive information,error,/891.py,192
Clear-text logging of sensitive information,error,/891.py,209
Clear-text logging of sensitive information,error,/891.py,235
Clear-text logging of sensitive information,error,/891.py,244
Clear-text logging of sensitive information,error,/891.py,255
Clear-text storage of sensitive information,error,/788.py,49
Clear-text storage of sensitive information,error,/980.py,38
Binding a socket to all network interfaces,error,/1123.py,28
Binding a socket to all network interfaces,error,/1340.py,43
Clear-text storage of sensitive information,error,/1669.py,94
Uncontrolled data used in path expression,error,/1316.py,362
Uncontrolled data used in path expression,error,/1316.py,369
Uncontrolled data used in path expression,error,/1717.py,25
Inefficient regular expression,error,/2372.py,1598
Insecure temporary file,error,/2242.py,517
Insecure temporary file,error,/2683.py,409
Information exposure through an exception,error,/2638.py,285
Information exposure through an exception,error,/2638.py,286
Binding a socket to all network interfaces,error,/2426.py,14
Binding a socket to all network interfaces,error,/2427.py,34
Accepting unknown SSH host keys when using Paramiko,error,/2430.py,226
Accepting unknown SSH host keys when using Paramiko,error,/2673.py,131
Clear-text logging of sensitive information,error,/2007.py,35
Clear-text logging of sensitive information,error,/2141.py,622
Clear-text logging of sensitive information,error,/2141.py,624
Clear-text storage of sensitive information,error,/2656.py,337
Inefficient regular expression,error,/3321.py,187
Inefficient regular expression,error,/3321.py,187
Inefficient regular expression,error,/3321.py,298
Inefficient regular expression,error,/3321.py,298
Inefficient regular expression,error,/3572.py,32
Insecure temporary file,error,/3201.py,122
Insecure temporary file,error,/3608.py,743
Insecure temporary file,error,/3608.py,750
Insecure temporary file,error,/3630.py,41
Insecure temporary file,error,/3684.py,12
URL redirection from remote source,error,/3594.py,111
URL redirection from remote source,error,/3821.py,429
URL redirection from remote source,error,/3821.py,444
URL redirection from remote source,error,/3821.py,570
URL redirection from remote source,error,/3821.py,724
URL redirection from remote source,error,/3821.py,788
Reflected server-side cross-site scripting,error,/3594.py,99
Reflected server-side cross-site scripting,error,/3594.py,102
Reflected server-side cross-site scripting,error,/3594.py,242
Reflected server-side cross-site scripting,error,/3594.py,263
Reflected server-side cross-site scripting,error,/3594.py,316
Reflected server-side cross-site scripting,error,/3594.py,337
Reflected server-side cross-site scripting,error,/3650.py,34
Reflected server-side cross-site scripting,error,/3650.py,154
Accepting unknown SSH host keys when using Paramiko,error,/3694.py,68
Flask app is run in debug mode,error,/3594.py,397
Flask app is run in debug mode,error,/3594.py,400
Clear-text logging of sensitive information,error,/3765.py,58
Clear-text logging of sensitive information,error,/3765.py,58
Clear-text storage of sensitive information,error,/3537.py,929
Clear-text storage of sensitive information,error,/3943.py,74
SQL query built from user-controlled sources,error,/3135.py,153
SQL query built from user-controlled sources,error,/3135.py,155
Inefficient regular expression,error,/4473.py,448
Insecure temporary file,error,/4180.py,10
Insecure temporary file,error,/4180.py,53
Insecure temporary file,error,/4388.py,33
Insecure temporary file,error,/4388.py,61
Insecure temporary file,error,/4388.py,92
Insecure temporary file,error,/4388.py,119
Insecure temporary file,error,/4476.py,35
Insecure temporary file,error,/4476.py,36
URL redirection from remote source,error,/4112.py,37
Information exposure through an exception,error,/4243.py,78
Information exposure through an exception,error,/4243.py,100
Information exposure through an exception,error,/4243.py,120
Information exposure through an exception,error,/4243.py,159
Information exposure through an exception,error,/4243.py,198
Information exposure through an exception,error,/4243.py,213
Information exposure through an exception,error,/4243.py,230
Information exposure through an exception,error,/4243.py,246
Information exposure through an exception,error,/4830.py,33
Information exposure through an exception,error,/4868.py,54
Information exposure through an exception,error,/4868.py,92
Information exposure through an exception,error,/4868.py,109
Uncontrolled command line,error,/4538.py,29
Uncontrolled command line,error,/4538.py,38
Binding a socket to all network interfaces,error,/4712.py,26
Binding a socket to all network interfaces,error,/4799.py,61
Accepting unknown SSH host keys when using Paramiko,error,/4784.py,234
Clear-text logging of sensitive information,error,/4281.py,77
Clear-text logging of sensitive information,error,/4281.py,81
Clear-text logging of sensitive information,error,/4418.py,307
Clear-text logging of sensitive information,error,/4418.py,307
Clear-text logging of sensitive information,error,/4538.py,37
Clear-text logging of sensitive information,error,/4830.py,57
Clear-text logging of sensitive information,error,/4874.py,317
Insecure temporary file,error,/5853.py,6329
URL redirection from remote source,error,/5805.py,154
Accepting unknown SSH host keys when using Paramiko,error,/5015.py,238
Flask app is run in debug mode,error,/5826.py,78
Clear-text storage of sensitive information,error,/5314.py,1415
Inefficient regular expression,error,/6035.py,46
Inefficient regular expression,error,/6035.py,47
Inefficient regular expression,error,/6490.py,20
Inefficient regular expression,error,/6676.py,13
Insecure temporary file,error,/6149.py,488
Insecure temporary file,error,/6246.py,55
Information exposure through an exception,error,/6349.py,217
Information exposure through an exception,error,/6963.py,26
Binding a socket to all network interfaces,error,/6295.py,46
Binding a socket to all network interfaces,error,/6697.py,55
Reflected server-side cross-site scripting,error,/6130.py,410
Reflected server-side cross-site scripting,error,/6130.py,427
Reflected server-side cross-site scripting,error,/6130.py,1196
Reflected server-side cross-site scripting,error,/6445.py,96
Reflected server-side cross-site scripting,error,/6445.py,113
Reflected server-side cross-site scripting,error,/6979.py,46
Reflected server-side cross-site scripting,error,/6979.py,154
Reflected server-side cross-site scripting,error,/6979.py,488
Clear-text logging of sensitive information,error,/6539.py,160
Clear-text storage of sensitive information,error,/6717.py,1211
Clear-text storage of sensitive information,error,/6717.py,1214
Inefficient regular expression,error,/7572.py,14
Binding a socket to all network interfaces,error,/7810.py,22
Flask app is run in debug mode,error,/7408.py,84
Clear-text storage of sensitive information,error,/7060.py,163
Clear-text storage of sensitive information,error,/7060.py,205
Inefficient regular expression,error,/8435.py,11
Inefficient regular expression,error,/8215.py,22
Inefficient regular expression,error,/8435.py,11
Inefficient regular expression,error,/8915.py,211
Inefficient regular expression,error,/8915.py,217
Insecure temporary file,error,/8026.py,131
Insecure temporary file,error,/8026.py,132
Insecure temporary file,error,/8622.py,51
Insecure temporary file,error,/8756.py,1439
URL redirection from remote source,error,/8104.py,91
Binding a socket to all network interfaces,error,/8867.py,312
Binding a socket to all network interfaces,error,/8867.py,471
Binding a socket to all network interfaces,error,/8867.py,571
Reflected server-side cross-site scripting,error,/8104.py,93
Uncontrolled data used in path expression,error,/8544.py,48
Inefficient regular expression,error,/9201.py,76
Insecure temporary file,error,/9486.py,334
Insecure temporary file,error,/9503.py,213
Binding a socket to all network interfaces,error,/9029.py,142
Binding a socket to all network interfaces,error,/9446.py,20
Reflected server-side cross-site scripting,error,/9223.py,69
Reflected server-side cross-site scripting,error,/9223.py,72
Reflected server-side cross-site scripting,error,/9223.py,91
Reflected server-side cross-site scripting,error,/9223.py,93
Reflected server-side cross-site scripting,error,/9223.py,661
Reflected server-side cross-site scripting,error,/9223.py,786
Reflected server-side cross-site scripting,error,/9223.py,1226
Accepting unknown SSH host keys when using Paramiko,error,/9104.py,211
Accepting unknown SSH host keys when using Paramiko,error,/9676.py,346
Accepting unknown SSH host keys when using Paramiko,error,/9964.py,298
Clear-text logging of sensitive information,error,/9104.py,1066
Clear-text logging of sensitive information,error,/9352.py,240
Uncontrolled data used in path expression,error,/9097.py,33
Uncontrolled data used in path expression,error,/9185.py,58
Insecure temporary file,error,/10975.py,108
Flask app is run in debug mode,error,/10929.py,149
Clear-text logging of sensitive information,error,/10191.py,1297
Clear-text logging of sensitive information,error,/10191.py,1298
Clear-text logging of sensitive information,error,/10191.py,1303
Clear-text logging of sensitive information,error,/10191.py,1309
Clear-text logging of sensitive information,error,/10191.py,1310
Clear-text logging of sensitive information,error,/10191.py,1311
Clear-text logging of sensitive information,error,/10191.py,1328
Clear-text logging of sensitive information,error,/10191.py,1329
Clear-text logging of sensitive information,error,/10191.py,1336
Clear-text logging of sensitive information,error,/10191.py,1365
Clear-text logging of sensitive information,error,/10191.py,1366
Clear-text logging of sensitive information,error,/10191.py,1368
Clear-text storage of sensitive information,error,/10191.py,1573
Insecure temporary file,error,/11052.py,117
Insecure temporary file,error,/11795.py,98
Information exposure through an exception,error,/11475.py,576
Binding a socket to all network interfaces,error,/11172.py,55
Reflected server-side cross-site scripting,error,/11449.py,88
Reflected server-side cross-site scripting,error,/11449.py,94
Flask app is run in debug mode,error,/11154.py,204
Flask app is run in debug mode,error,/11217.py,72
Flask app is run in debug mode,error,/11771.py,59
Uncontrolled data used in path expression,error,/11967.py,52
Insecure temporary file,error,/12893.py,479
Information exposure through an exception,error,/12460.py,198
Binding a socket to all network interfaces,error,/12575.py,36
Reflected server-side cross-site scripting,error,/12681.py,87
Reflected server-side cross-site scripting,error,/12681.py,90
Reflected server-side cross-site scripting,error,/12681.py,114
Flask app is run in debug mode,error,/12260.py,107
Inefficient regular expression,error,/13362.py,77
Inefficient regular expression,error,/13447.py,118
Inefficient regular expression,error,/13737.py,13
Inefficient regular expression,error,/13838.py,3574
Inefficient regular expression,error,/13838.py,3574
Inefficient regular expression,error,/13838.py,3575
Inefficient regular expression,error,/13838.py,3575
Inefficient regular expression,error,/13838.py,3576
Inefficient regular expression,error,/13838.py,3576
Inefficient regular expression,error,/13838.py,3576
Inefficient regular expression,error,/13838.py,3576
Inefficient regular expression,error,/13838.py,3692
Inefficient regular expression,error,/13838.py,3697
Insecure temporary file,error,/13846.py,17
Insecure temporary file,error,/13877.py,1351
Insecure temporary file,error,/13877.py,1353
Reflected server-side cross-site scripting,error,/13460.py,49
Accepting unknown SSH host keys when using Paramiko,error,/13898.py,46
Clear-text logging of sensitive information,error,/13280.py,154
Clear-text logging of sensitive information,error,/13280.py,169
Clear-text logging of sensitive information,error,/13280.py,183
Clear-text logging of sensitive information,error,/13280.py,192
Clear-text logging of sensitive information,error,/13280.py,203
Clear-text logging of sensitive information,error,/13362.py,336
Clear-text storage of sensitive information,error,/13797.py,228
Inefficient regular expression,error,/14010.py,316
Insecure temporary file,error,/14110.py,447
Insecure temporary file,error,/14182.py,128
Insecure temporary file,error,/14441.py,642
Insecure temporary file,error,/14521.py,2527
Information exposure through an exception,error,/14868.py,37
Reflected server-side cross-site scripting,error,/14332.py,72
Reflected server-side cross-site scripting,error,/14332.py,82
Reflected server-side cross-site scripting,error,/14332.py,247
Reflected server-side cross-site scripting,error,/14332.py,647
Reflected server-side cross-site scripting,error,/14590.py,473
Accepting unknown SSH host keys when using Paramiko,error,/14133.py,306
Inefficient regular expression,error,/15435.py,50
Insecure temporary file,error,/15166.py,522
Insecure temporary file,error,/15395.py,175
URL redirection from remote source,error,/15480.py,44
Information exposure through an exception,error,/15196.py,431
Information exposure through an exception,error,/15196.py,446
Binding a socket to all network interfaces,error,/15595.py,125
Binding a socket to all network interfaces,error,/15966.py,302
Binding a socket to all network interfaces,error,/15966.py,572
Binding a socket to all network interfaces,error,/15966.py,625
Clear-text logging of sensitive information,error,/15288.py,190
Clear-text logging of sensitive information,error,/15422.py,824
Uncontrolled data used in path expression,error,/15480.py,94
Uncontrolled data used in path expression,error,/15480.py,93
Uncontrolled data used in path expression,error,/15480.py,92
Uncontrolled data used in path expression,error,/15480.py,142
Uncontrolled data used in path expression,error,/15793.py,431
Uncontrolled data used in path expression,error,/15793.py,432
Uncontrolled data used in path expression,error,/15793.py,446
SQL query built from user-controlled sources,error,/15907.py,91
Inefficient regular expression,error,/16524.py,37
Inefficient regular expression,error,/16455.py,23
Inefficient regular expression,error,/16475.py,46
Inefficient regular expression,error,/16524.py,37
URL redirection from remote source,error,/16646.py,1003
URL redirection from remote source,error,/16646.py,1007
URL redirection from remote source,error,/16646.py,1025
URL redirection from remote source,error,/16646.py,1037
URL redirection from remote source,error,/16646.py,1054
URL redirection from remote source,error,/16646.py,1058
URL redirection from remote source,error,/16646.py,1063
URL redirection from remote source,error,/16646.py,1076
URL redirection from remote source,error,/16646.py,1084
URL redirection from remote source,error,/16646.py,1099
URL redirection from remote source,error,/16646.py,1110
URL redirection from remote source,error,/16646.py,1119
URL redirection from remote source,error,/16646.py,1206
URL redirection from remote source,error,/16646.py,1213
URL redirection from remote source,error,/16646.py,1219
URL redirection from remote source,error,/16646.py,1234
URL redirection from remote source,error,/16646.py,1241
URL redirection from remote source,error,/16646.py,1248
URL redirection from remote source,error,/16646.py,1295
URL redirection from remote source,error,/16646.py,1299
URL redirection from remote source,error,/16646.py,1310
URL redirection from remote source,error,/16646.py,1878
URL redirection from remote source,error,/16697.py,69
URL redirection from remote source,error,/16697.py,71
Information exposure through an exception,error,/16646.py,828
Binding a socket to all network interfaces,error,/16612.py,302
Binding a socket to all network interfaces,error,/16612.py,637
Binding a socket to all network interfaces,error,/16612.py,690
Binding a socket to all network interfaces,error,/16642.py,24
Reflected server-side cross-site scripting,error,/16122.py,96
Reflected server-side cross-site scripting,error,/16122.py,113
Clear-text storage of sensitive information,error,/16776.py,167
Inefficient regular expression,error,/17243.py,3437
Inefficient regular expression,error,/17243.py,3437
Inefficient regular expression,error,/17243.py,3438
Inefficient regular expression,error,/17243.py,3438
Inefficient regular expression,error,/17243.py,3439
Inefficient regular expression,error,/17243.py,3439
Inefficient regular expression,error,/17243.py,3439
Inefficient regular expression,error,/17243.py,3439
Inefficient regular expression,error,/17243.py,3543
Inefficient regular expression,error,/17243.py,3548
Insecure temporary file,error,/17012.py,108
Insecure temporary file,error,/17527.py,50
Insecure temporary file,error,/17548.py,63
Uncontrolled command line,error,/17372.py,56
Uncontrolled command line,error,/17372.py,61
Binding a socket to all network interfaces,error,/17838.py,477
Clear-text logging of sensitive information,error,/17050.py,49
Clear-text storage of sensitive information,error,/17334.py,141
Use of weak cryptographic key,error,/17195.py,169
Uncontrolled data used in path expression,error,/17261.py,57
Uncontrolled data used in path expression,error,/17261.py,60
Uncontrolled data used in path expression,error,/17261.py,62
Uncontrolled data used in path expression,error,/17372.py,168
Uncontrolled data used in path expression,error,/17510.py,96
Uncontrolled data used in path expression,error,/17510.py,97
Uncontrolled data used in path expression,error,/17510.py,98
Insecure temporary file,error,/18387.py,813
Insecure temporary file,error,/18644.py,36
Insecure temporary file,error,/18782.py,318
Insecure temporary file,error,/18915.py,81
Insecure temporary file,error,/18915.py,83
Insecure temporary file,error,/18915.py,86
Insecure temporary file,error,/18915.py,144
URL redirection from remote source,error,/18082.py,39
URL redirection from remote source,error,/18604.py,98
URL redirection from remote source,error,/18604.py,104
Information exposure through an exception,error,/18059.py,282
Accepting unknown SSH host keys when using Paramiko,error,/18227.py,140
Inefficient regular expression,error,/19206.py,3675
Inefficient regular expression,error,/19206.py,3675
Inefficient regular expression,error,/19206.py,3676
Inefficient regular expression,error,/19206.py,3676
Inefficient regular expression,error,/19206.py,3677
Inefficient regular expression,error,/19206.py,3677
Inefficient regular expression,error,/19206.py,3677
Inefficient regular expression,error,/19206.py,3677
Inefficient regular expression,error,/19206.py,3796
Inefficient regular expression,error,/19206.py,3801
Insecure temporary file,error,/19285.py,33
Insecure temporary file,error,/19460.py,73
Insecure temporary file,error,/19489.py,334
Clear-text logging of sensitive information,error,/19916.py,94
Clear-text storage of sensitive information,error,/19554.py,386
Clear-text storage of sensitive information,error,/19916.py,86
Insecure temporary file,error,/20251.py,202
Reflected server-side cross-site scripting,error,/20824.py,43
Reflected server-side cross-site scripting,error,/20824.py,64
Reflected server-side cross-site scripting,error,/20824.py,89
Flask app is run in debug mode,error,/20824.py,99
Clear-text storage of sensitive information,error,/20306.py,134
Clear-text storage of sensitive information,error,/20848.py,456
Clear-text storage of sensitive information,error,/20848.py,1367
Clear-text storage of sensitive information,error,/20848.py,1330
Clear-text storage of sensitive information,error,/20848.py,1472
Inefficient regular expression,error,/21703.py,22
Insecure temporary file,error,/21341.py,253
Information exposure through an exception,error,/21173.py,344
Information exposure through an exception,error,/21173.py,402
Information exposure through an exception,error,/21982.py,61
Information exposure through an exception,error,/21982.py,73
Binding a socket to all network interfaces,error,/21252.py,471
Binding a socket to all network interfaces,error,/21615.py,270
Binding a socket to all network interfaces,error,/21615.py,274
Reflected server-side cross-site scripting,error,/21982.py,59
Reflected server-side cross-site scripting,error,/21982.py,61
Reflected server-side cross-site scripting,error,/21982.py,73
Clear-text logging of sensitive information,error,/21140.py,77
Clear-text logging of sensitive information,error,/21140.py,81
Clear-text logging of sensitive information,error,/21973.py,101
Clear-text logging of sensitive information,error,/21973.py,110
Clear-text logging of sensitive information,error,/21986.py,55
Inefficient regular expression,error,/22293.py,3532
Inefficient regular expression,error,/22293.py,3532
Inefficient regular expression,error,/22293.py,3533
Inefficient regular expression,error,/22293.py,3533
Inefficient regular expression,error,/22293.py,3534
Inefficient regular expression,error,/22293.py,3534
Inefficient regular expression,error,/22293.py,3534
Inefficient regular expression,error,/22293.py,3534
Inefficient regular expression,error,/22293.py,3650
Inefficient regular expression,error,/22293.py,3655
Insecure temporary file,error,/22256.py,386
Insecure temporary file,error,/22871.py,290
URL redirection from remote source,error,/22973.py,863
URL redirection from remote source,error,/22973.py,867
URL redirection from remote source,error,/22973.py,885
URL redirection from remote source,error,/22973.py,897
URL redirection from remote source,error,/22973.py,910
URL redirection from remote source,error,/22973.py,918
URL redirection from remote source,error,/22973.py,933
URL redirection from remote source,error,/22973.py,946
URL redirection from remote source,error,/22973.py,957
URL redirection from remote source,error,/22973.py,1065
URL redirection from remote source,error,/22973.py,1072
URL redirection from remote source,error,/22973.py,1079
URL redirection from remote source,error,/22973.py,1113
URL redirection from remote source,error,/22973.py,1117
URL redirection from remote source,error,/22973.py,1128
URL redirection from remote source,error,/22973.py,1670
Information exposure through an exception,error,/22410.py,184
Binding a socket to all network interfaces,error,/22093.py,63
Accepting unknown SSH host keys when using Paramiko,error,/22118.py,416
Clear-text logging of sensitive information,error,/22099.py,77
Clear-text logging of sensitive information,error,/22099.py,81
Clear-text logging of sensitive information,error,/22478.py,36
Clear-text logging of sensitive information,error,/22478.py,37
Clear-text logging of sensitive information,error,/22478.py,38
Clear-text logging of sensitive information,error,/22478.py,39
Clear-text logging of sensitive information,error,/22478.py,67
Clear-text logging of sensitive information,error,/22703.py,273
Clear-text logging of sensitive information,error,/22896.py,60
Inefficient regular expression,error,/23261.py,3615
Inefficient regular expression,error,/23261.py,3615
Inefficient regular expression,error,/23261.py,3616
Inefficient regular expression,error,/23261.py,3616
Inefficient regular expression,error,/23261.py,3617
Inefficient regular expression,error,/23261.py,3617
Inefficient regular expression,error,/23261.py,3617
Inefficient regular expression,error,/23261.py,3617
Inefficient regular expression,error,/23261.py,3733
Inefficient regular expression,error,/23261.py,3738
Insecure temporary file,error,/24000.py,225
Insecure temporary file,error,/24000.py,261
URL redirection from remote source,error,/23142.py,226
Binding a socket to all network interfaces,error,/23885.py,281
Binding a socket to all network interfaces,error,/23885.py,550
Binding a socket to all network interfaces,error,/23885.py,560
Binding a socket to all network interfaces,error,/23885.py,613
Binding a socket to all network interfaces,error,/23906.py,49
Reflected server-side cross-site scripting,error,/23419.py,35
Reflected server-side cross-site scripting,error,/23419.py,155
Accepting unknown SSH host keys when using Paramiko,error,/23912.py,887
Clear-text logging of sensitive information,error,/23258.py,435
Clear-text logging of sensitive information,error,/23907.py,353
Insecure temporary file,error,/24024.py,674
Insecure temporary file,error,/24094.py,42
Insecure temporary file,error,/24094.py,63
Binding a socket to all network interfaces,error,/24473.py,48
Binding a socket to all network interfaces,error,/24908.py,167
Binding a socket to all network interfaces,error,/24908.py,181
Binding a socket to all network interfaces,error,/24908.py,185
Accepting unknown SSH host keys when using Paramiko,error,/24001.py,146
Accepting unknown SSH host keys when using Paramiko,error,/24176.py,63
Accepting unknown SSH host keys when using Paramiko,error,/24802.py,116
Inefficient regular expression,error,/25046.py,744
Binding a socket to all network interfaces,error,/25106.py,35
Binding a socket to all network interfaces,error,/25552.py,65
Flask app is run in debug mode,error,/25927.py,109
Clear-text logging of sensitive information,error,/25905.py,42
Clear-text logging of sensitive information,error,/25905.py,43
Clear-text logging of sensitive information,error,/25942.py,1234
Clear-text storage of sensitive information,error,/25147.py,1494
Clear-text storage of sensitive information,error,/25147.py,1497
Clear-text storage of sensitive information,error,/25147.py,1844
Clear-text storage of sensitive information,error,/25147.py,1871
Uncontrolled data used in path expression,error,/25097.py,306
Uncontrolled data used in path expression,error,/25214.py,292
Uncontrolled data used in path expression,error,/25554.py,229
Uncontrolled data used in path expression,error,/25554.py,230
Uncontrolled data used in path expression,error,/25554.py,234
Uncontrolled data used in path expression,error,/25554.py,235
Uncontrolled data used in path expression,error,/25554.py,347
Insecure temporary file,error,/26597.py,42
Insecure temporary file,error,/26597.py,63
Binding a socket to all network interfaces,error,/26048.py,63
Inefficient regular expression,error,/27353.py,474
Insecure temporary file,error,/27156.py,267
URL redirection from remote source,error,/27604.py,36
URL redirection from remote source,error,/27604.py,44
Flask app is run in debug mode,error,/27042.py,85
Clear-text logging of sensitive information,error,/27759.py,75
Clear-text logging of sensitive information,error,/27759.py,224
Clear-text logging of sensitive information,error,/27759.py,233
Clear-text logging of sensitive information,error,/27759.py,251
Clear-text logging of sensitive information,error,/27836.py,235
Clear-text logging of sensitive information,error,/27984.py,77
Clear-text logging of sensitive information,error,/27984.py,81
Clear-text storage of sensitive information,error,/27079.py,588
Use of weak cryptographic key,error,/27184.py,261
Inefficient regular expression,error,/28053.py,299
Insecure temporary file,error,/28084.py,43
Insecure temporary file,error,/28084.py,123
Insecure temporary file,error,/28084.py,179
Insecure temporary file,error,/28084.py,287
Insecure temporary file,error,/28084.py,313
Insecure temporary file,error,/28084.py,338
Insecure temporary file,error,/28084.py,2400
Insecure temporary file,error,/28101.py,177
Insecure temporary file,error,/28225.py,132
Insecure temporary file,error,/28752.py,287
Information exposure through an exception,error,/28249.py,508
Clear-text logging of sensitive information,error,/28697.py,162
Clear-text logging of sensitive information,error,/28697.py,189
Clear-text logging of sensitive information,error,/28697.py,206
Clear-text logging of sensitive information,error,/28697.py,236
Clear-text logging of sensitive information,error,/28697.py,245
Clear-text logging of sensitive information,error,/28697.py,256
Clear-text storage of sensitive information,error,/28314.py,47
Clear-text storage of sensitive information,error,/28652.py,47
Inefficient regular expression,error,/29192.py,279
Inefficient regular expression,error,/29849.py,3190
Inefficient regular expression,error,/29849.py,3192
Inefficient regular expression,error,/29849.py,3193
Insecure temporary file,error,/29123.py,269
Insecure temporary file,error,/29596.py,77
Insecure temporary file,error,/29596.py,636
Insecure temporary file,error,/29596.py,650
Insecure temporary file,error,/29940.py,97
Insecure temporary file,error,/29981.py,691
URL redirection from remote source,error,/29176.py,105
Binding a socket to all network interfaces,error,/29259.py,1046
Binding a socket to all network interfaces,error,/29259.py,1064
Binding a socket to all network interfaces,error,/29282.py,61
Binding a socket to all network interfaces,error,/29282.py,65
Binding a socket to all network interfaces,error,/29881.py,63
Binding a socket to all network interfaces,error,/29881.py,134
Accepting unknown SSH host keys when using Paramiko,error,/29150.py,418
Flask app is run in debug mode,error,/29230.py,72
Clear-text logging of sensitive information,error,/29231.py,44
Clear-text storage of sensitive information,error,/29035.py,50
Clear-text storage of sensitive information,error,/29881.py,464
Uncontrolled data used in path expression,error,/29944.py,131
Inefficient regular expression,error,/30041.py,343
Inefficient regular expression,error,/30397.py,97
Inefficient regular expression,error,/30397.py,165
Inefficient regular expression,error,/30397.py,169
Inefficient regular expression,error,/30397.py,169
Inefficient regular expression,error,/30397.py,171
Inefficient regular expression,error,/30397.py,171
Inefficient regular expression,error,/30397.py,176
Insecure temporary file,error,/30422.py,2540
Insecure temporary file,error,/30507.py,352
Insecure temporary file,error,/30968.py,2544
Binding a socket to all network interfaces,error,/30869.py,36
Binding a socket to all network interfaces,error,/30869.py,53
Reflected server-side cross-site scripting,error,/30752.py,80
Reflected server-side cross-site scripting,error,/30830.py,67
Reflected server-side cross-site scripting,error,/30830.py,72
Flask app is run in debug mode,error,/30770.py,49
Clear-text logging of sensitive information,error,/30065.py,157
Clear-text logging of sensitive information,error,/30389.py,181
Clear-text logging of sensitive information,error,/30389.py,161
Clear-text storage of sensitive information,error,/30450.py,177
Full server-side request forgery,error,/30585.py,31
Information exposure through an exception,error,/31116.py,149
Information exposure through an exception,error,/31489.py,124
Information exposure through an exception,error,/31489.py,149
Information exposure through an exception,error,/31489.py,174
Information exposure through an exception,error,/31489.py,389
Information exposure through an exception,error,/31489.py,434
Information exposure through an exception,error,/31489.py,1032
Information exposure through an exception,error,/31489.py,1046
Information exposure through an exception,error,/31489.py,1154
Information exposure through an exception,error,/31489.py,1218
Information exposure through an exception,error,/31489.py,1223
Reflected server-side cross-site scripting,error,/31318.py,89
Reflected server-side cross-site scripting,error,/31318.py,99
Reflected server-side cross-site scripting,error,/31318.py,206
Reflected server-side cross-site scripting,error,/31318.py,588
Clear-text logging of sensitive information,error,/31967.py,150
Clear-text logging of sensitive information,error,/31967.py,165
Clear-text logging of sensitive information,error,/31967.py,179
Clear-text logging of sensitive information,error,/31967.py,188
Clear-text logging of sensitive information,error,/31967.py,199
Inefficient regular expression,error,/32099.py,572
Insecure temporary file,error,/32918.py,98
Binding a socket to all network interfaces,error,/32346.py,50
Binding a socket to all network interfaces,error,/32529.py,188
Binding a socket to all network interfaces,error,/32968.py,102
Accepting unknown SSH host keys when using Paramiko,error,/32603.py,39
Clear-text logging of sensitive information,error,/32222.py,153
Clear-text logging of sensitive information,error,/32222.py,153
Clear-text logging of sensitive information,error,/32222.py,153
Clear-text logging of sensitive information,error,/32222.py,184
Clear-text logging of sensitive information,error,/32222.py,187
Clear-text logging of sensitive information,error,/32222.py,291
Clear-text logging of sensitive information,error,/32695.py,326
Clear-text logging of sensitive information,error,/32695.py,782
Clear-text logging of sensitive information,error,/32695.py,877
Clear-text logging of sensitive information,error,/32695.py,960
Clear-text logging of sensitive information,error,/32695.py,1338
Clear-text logging of sensitive information,error,/32695.py,1792
Clear-text logging of sensitive information,error,/32835.py,472
Uncontrolled data used in path expression,error,/32388.py,117
Uncontrolled data used in path expression,error,/32388.py,119
Inefficient regular expression,error,/33363.py,33
Insecure temporary file,error,/33139.py,287
Insecure temporary file,error,/33641.py,713
Insecure temporary file,error,/33693.py,139
Insecure temporary file,error,/33861.py,92
URL redirection from remote source,error,/33946.py,59
Information exposure through an exception,error,/33684.py,55
Information exposure through an exception,error,/33684.py,131
Uncontrolled command line,error,/33250.py,281
Reflected server-side cross-site scripting,error,/33058.py,47
Reflected server-side cross-site scripting,error,/33058.py,69
Reflected server-side cross-site scripting,error,/33707.py,99
Flask app is run in debug mode,error,/33526.py,361
Flask app is run in debug mode,error,/33707.py,107
Clear-text logging of sensitive information,error,/33048.py,77
Clear-text logging of sensitive information,error,/33048.py,81
Inefficient regular expression,error,/34378.py,34
Inefficient regular expression,error,/34537.py,3496
Inefficient regular expression,error,/34537.py,3496
Inefficient regular expression,error,/34537.py,3497
Inefficient regular expression,error,/34537.py,3497
Inefficient regular expression,error,/34537.py,3498
Inefficient regular expression,error,/34537.py,3498
Inefficient regular expression,error,/34537.py,3498
Inefficient regular expression,error,/34537.py,3498
Inefficient regular expression,error,/34537.py,3609
Inefficient regular expression,error,/34537.py,3614
Insecure temporary file,error,/34807.py,636
Insecure temporary file,error,/34807.py,869
Clear-text logging of sensitive information,error,/34961.py,131
Inefficient regular expression,error,/35899.py,69
Insecure temporary file,error,/35038.py,17
Insecure temporary file,error,/35539.py,478
Insecure temporary file,error,/35754.py,762
URL redirection from remote source,error,/35872.py,52
Information exposure through an exception,error,/35660.py,213
Reflected server-side cross-site scripting,error,/35872.py,46
Reflected server-side cross-site scripting,error,/35872.py,82
Reflected server-side cross-site scripting,error,/35872.py,87
Reflected server-side cross-site scripting,error,/35872.py,105
Clear-text logging of sensitive information,error,/35191.py,44
Clear-text logging of sensitive information,error,/35343.py,174
Clear-text logging of sensitive information,error,/35343.py,215
Clear-text logging of sensitive information,error,/35343.py,230
Clear-text logging of sensitive information,error,/35343.py,244
Clear-text logging of sensitive information,error,/35343.py,253
Clear-text logging of sensitive information,error,/35343.py,264
Clear-text logging of sensitive information,error,/35700.py,53
Clear-text logging of sensitive information,error,/35733.py,157
Uncontrolled data used in path expression,error,/35786.py,360
Uncontrolled data used in path expression,error,/35786.py,361
Uncontrolled data used in path expression,error,/35786.py,367
Inefficient regular expression,error,/36070.py,781
Inefficient regular expression,error,/36388.py,73
Inefficient regular expression,error,/36482.py,124
Insecure temporary file,error,/36043.py,39
Insecure temporary file,error,/36141.py,41
Insecure temporary file,error,/36141.py,42
URL redirection from remote source,error,/36829.py,64
Information exposure through an exception,error,/36461.py,54
Information exposure through an exception,error,/36461.py,69
Reflected server-side cross-site scripting,error,/36093.py,46
Reflected server-side cross-site scripting,error,/36093.py,148
Reflected server-side cross-site scripting,error,/36093.py,482
Reflected server-side cross-site scripting,error,/36441.py,95
Accepting unknown SSH host keys when using Paramiko,error,/36266.py,91
Flask app is run in debug mode,error,/36155.py,87
Clear-text storage of sensitive information,error,/36945.py,123
Information exposure through an exception,error,/37446.py,38
Information exposure through an exception,error,/37581.py,376
Binding a socket to all network interfaces,error,/37089.py,116
Binding a socket to all network interfaces,error,/37291.py,508
Binding a socket to all network interfaces,error,/37426.py,322
Binding a socket to all network interfaces,error,/37755.py,932
Uncontrolled data used in path expression,error,/37095.py,173
Inefficient regular expression,error,/38170.py,2153
Inefficient regular expression,error,/38698.py,3027
Insecure temporary file,error,/38287.py,2516
Insecure temporary file,error,/38557.py,2555
Insecure temporary file,error,/38616.py,172
Insecure temporary file,error,/38616.py,299
Insecure temporary file,error,/38616.py,312
Binding a socket to all network interfaces,error,/38302.py,20
Binding a socket to all network interfaces,error,/38548.py,135
Binding a socket to all network interfaces,error,/38616.py,489
Reflected server-side cross-site scripting,error,/38138.py,414
Reflected server-side cross-site scripting,error,/38138.py,431
Reflected server-side cross-site scripting,error,/38138.py,1208
Accepting unknown SSH host keys when using Paramiko,error,/38964.py,102
Flask app is run in debug mode,error,/38347.py,59
Clear-text logging of sensitive information,error,/38310.py,140
Clear-text logging of sensitive information,error,/38310.py,164
Clear-text logging of sensitive information,error,/38310.py,185
Clear-text logging of sensitive information,error,/38634.py,63
Clear-text logging of sensitive information,error,/38634.py,67
Insecure temporary file,error,/39098.py,139
Insecure temporary file,error,/39295.py,37
Insecure temporary file,error,/39885.py,166
Insecure temporary file,error,/39979.py,523
Information exposure through an exception,error,/39149.py,221
Information exposure through an exception,error,/39149.py,429
Flask app is run in debug mode,error,/39821.py,89
Flask app is run in debug mode,error,/39944.py,69
Clear-text storage of sensitive information,error,/39055.py,90
Clear-text storage of sensitive information,error,/39598.py,57
Clear-text storage of sensitive information,error,/39825.py,390
Clear-text storage of sensitive information,error,/39825.py,402
Clear-text storage of sensitive information,error,/39958.py,304
Inefficient regular expression,error,/40731.py,59
Insecure temporary file,error,/40445.py,330
Accepting unknown SSH host keys when using Paramiko,error,/40009.py,74
Inefficient regular expression,error,/41939.py,110
Insecure temporary file,error,/41311.py,12
Insecure temporary file,error,/41373.py,276
Insecure temporary file,error,/41648.py,348
URL redirection from remote source,error,/41854.py,272
Information exposure through an exception,error,/41131.py,221
Information exposure through an exception,error,/41131.py,246
Information exposure through an exception,error,/41131.py,290
Information exposure through an exception,error,/41954.py,178
Information exposure through an exception,error,/41954.py,251
Binding a socket to all network interfaces,error,/41377.py,108
Reflected server-side cross-site scripting,error,/41873.py,400
Reflected server-side cross-site scripting,error,/41873.py,417
Reflected server-side cross-site scripting,error,/41873.py,483
Reflected server-side cross-site scripting,error,/41873.py,1129
Accepting unknown SSH host keys when using Paramiko,error,/41308.py,248
Accepting unknown SSH host keys when using Paramiko,error,/41867.py,65
Clear-text logging of sensitive information,error,/41209.py,181
Clear-text logging of sensitive information,error,/41239.py,398
Clear-text logging of sensitive information,error,/41239.py,495
Clear-text storage of sensitive information,error,/41318.py,91
Clear-text storage of sensitive information,error,/41787.py,39
Uncontrolled data used in path expression,error,/41200.py,55
Inefficient regular expression,error,/42804.py,86
Insecure temporary file,error,/42157.py,777
Insecure temporary file,error,/42157.py,812
Insecure temporary file,error,/42157.py,837
Insecure temporary file,error,/42157.py,841
Insecure temporary file,error,/42157.py,845
Insecure temporary file,error,/42157.py,944
Insecure temporary file,error,/42157.py,988
Insecure temporary file,error,/42157.py,1023
Insecure temporary file,error,/42824.py,386
URL redirection from remote source,error,/42164.py,116
Information exposure through an exception,error,/42164.py,173
Binding a socket to all network interfaces,error,/42928.py,197
Reflected server-side cross-site scripting,error,/42164.py,122
Reflected server-side cross-site scripting,error,/42164.py,129
Reflected server-side cross-site scripting,error,/42164.py,156
Reflected server-side cross-site scripting,error,/42420.py,345
Reflected server-side cross-site scripting,error,/42420.py,369
Reflected server-side cross-site scripting,error,/42579.py,266
Clear-text logging of sensitive information,error,/42005.py,1142
Uncontrolled data used in path expression,error,/42135.py,173
Inefficient regular expression,error,/43025.py,2558
Inefficient regular expression,error,/43025.py,2560
Inefficient regular expression,error,/43025.py,2561
Inefficient regular expression,error,/43189.py,18
Inefficient regular expression,error,/43509.py,145
Inefficient regular expression,error,/43939.py,34
Inefficient regular expression,error,/43939.py,35
Inefficient regular expression,error,/43939.py,35
Inefficient regular expression,error,/43939.py,35
Insecure temporary file,error,/43273.py,88
Insecure temporary file,error,/43273.py,90
Insecure temporary file,error,/43273.py,93
Insecure temporary file,error,/43273.py,156
Insecure temporary file,error,/43395.py,22
Insecure temporary file,error,/43451.py,34
Insecure temporary file,error,/43451.py,48
Insecure temporary file,error,/43451.py,65
Insecure temporary file,error,/43451.py,88
Insecure temporary file,error,/43872.py,1475
Insecure temporary file,error,/43991.py,352
Reflected server-side cross-site scripting,error,/43118.py,110
Reflected server-side cross-site scripting,error,/43118.py,113
Reflected server-side cross-site scripting,error,/43118.py,137
Accepting unknown SSH host keys when using Paramiko,error,/43432.py,426
Clear-text logging of sensitive information,error,/43743.py,76
Insecure temporary file,error,/44508.py,52
Insecure temporary file,error,/44508.py,53
Insecure temporary file,error,/44508.py,54
Insecure temporary file,error,/44508.py,55
Insecure temporary file,error,/44644.py,1386
URL redirection from remote source,error,/44221.py,463
URL redirection from remote source,error,/44221.py,512
URL redirection from remote source,error,/44221.py,568
Uncontrolled command line,error,/44485.py,160
Uncontrolled data used in path expression,error,/44485.py,187
Uncontrolled data used in path expression,error,/44485.py,239
Inefficient regular expression,error,/45325.py,12
Insecure temporary file,error,/45087.py,564
Insecure temporary file,error,/45407.py,45
Insecure temporary file,error,/45407.py,58
Insecure temporary file,error,/45407.py,69
Insecure temporary file,error,/45407.py,81
Information exposure through an exception,error,/45664.py,31
Information exposure through an exception,error,/45664.py,47
Binding a socket to all network interfaces,error,/45294.py,76
Clear-text logging of sensitive information,error,/45828.py,159
Inefficient regular expression,error,/46665.py,46
Insecure temporary file,error,/46111.py,620
Insecure temporary file,error,/46917.py,180
URL redirection from remote source,error,/46588.py,76
Information exposure through an exception,error,/46612.py,336
Clear-text logging of sensitive information,error,/46431.py,27
Clear-text logging of sensitive information,error,/46431.py,87
Insecure temporary file,error,/47901.py,87
Insecure temporary file,error,/47901.py,99
Insecure temporary file,error,/47982.py,164
Insecure temporary file,error,/47982.py,1221
Insecure temporary file,error,/47982.py,1471
Binding a socket to all network interfaces,error,/47230.py,29
Binding a socket to all network interfaces,error,/47304.py,63
Binding a socket to all network interfaces,error,/47688.py,25
Clear-text storage of sensitive information,error,/47963.py,1357
Inefficient regular expression,error,/48179.py,43
Inefficient regular expression,error,/48805.py,150
Insecure temporary file,error,/48722.py,149
Information exposure through an exception,error,/48324.py,101
Clear-text logging of sensitive information,error,/48415.py,401
Clear-text logging of sensitive information,error,/48417.py,41
Clear-text storage of sensitive information,error,/48202.py,183
Insecure temporary file,error,/49125.py,20
Insecure temporary file,error,/49774.py,104
URL redirection from remote source,error,/49773.py,64
Information exposure through an exception,error,/49066.py,98
Information exposure through an exception,error,/49066.py,155
Information exposure through an exception,error,/49066.py,194
Reflected server-side cross-site scripting,error,/49066.py,103
Reflected server-side cross-site scripting,error,/49066.py,111
Reflected server-side cross-site scripting,error,/49066.py,120
Reflected server-side cross-site scripting,error,/49066.py,150
Reflected server-side cross-site scripting,error,/49066.py,160
Reflected server-side cross-site scripting,error,/49287.py,35
Reflected server-side cross-site scripting,error,/49924.py,78
Reflected server-side cross-site scripting,error,/49924.py,82
Reflected server-side cross-site scripting,error,/49924.py,113
Reflected server-side cross-site scripting,error,/49924.py,116
Reflected server-side cross-site scripting,error,/49924.py,885
Reflected server-side cross-site scripting,error,/49924.py,1100
Reflected server-side cross-site scripting,error,/49924.py,1568
Flask app is run in debug mode,error,/49773.py,90
Flask app is run in debug mode,error,/49924.py,1617
Clear-text logging of sensitive information,error,/49210.py,553
Clear-text logging of sensitive information,error,/49210.py,621
Clear-text logging of sensitive information,error,/49210.py,645
Clear-text logging of sensitive information,error,/49403.py,58
Clear-text logging of sensitive information,error,/49643.py,34
Clear-text logging of sensitive information,error,/49699.py,119
Inefficient regular expression,error,/50916.py,296
Insecure temporary file,error,/50042.py,25
Insecure temporary file,error,/50042.py,29
Insecure temporary file,error,/50296.py,61
Insecure temporary file,error,/50296.py,62
Insecure temporary file,error,/50296.py,146
Insecure temporary file,error,/50394.py,47
Insecure temporary file,error,/50490.py,37
Insecure temporary file,error,/50595.py,55
Insecure temporary file,error,/50604.py,862
URL redirection from remote source,error,/50306.py,67
Information exposure through an exception,error,/50456.py,34
Accepting unknown SSH host keys when using Paramiko,error,/50111.py,30
Accepting unknown SSH host keys when using Paramiko,error,/50745.py,31
Flask app is run in debug mode,error,/50215.py,90
Insecure temporary file,error,/51111.py,82
URL redirection from remote source,error,/51286.py,203
URL redirection from remote source,error,/51286.py,207
URL redirection from remote source,error,/51286.py,344
URL redirection from remote source,error,/51286.py,400
URL redirection from remote source,error,/51286.py,418
URL redirection from remote source,error,/51286.py,498
URL redirection from remote source,error,/51286.py,510
Flask app is run in debug mode,error,/51729.py,80
Clear-text logging of sensitive information,error,/51932.py,110
Clear-text storage of sensitive information,error,/51887.py,46
Insecure temporary file,error,/52125.py,1390
Insecure temporary file,error,/52182.py,6224
Insecure temporary file,error,/52311.py,48
Insecure temporary file,error,/52311.py,57
Insecure temporary file,error,/52311.py,68
Insecure temporary file,error,/52344.py,12
Insecure temporary file,error,/52344.py,34
Insecure temporary file,error,/52344.py,66
Insecure temporary file,error,/52344.py,92
Insecure temporary file,error,/52344.py,113
Insecure temporary file,error,/52344.py,134
Insecure temporary file,error,/52728.py,114
URL redirection from remote source,error,/52487.py,63
Information exposure through an exception,error,/52281.py,408
Uncontrolled data used in path expression,error,/52970.py,466
Uncontrolled data used in path expression,error,/52970.py,837
Uncontrolled data used in path expression,error,/52970.py,850
URL redirection from remote source,error,/53657.py,348
URL redirection from remote source,error,/53918.py,109
Reflected server-side cross-site scripting,error,/53077.py,249
Reflected server-side cross-site scripting,error,/53077.py,263
Clear-text logging of sensitive information,error,/53586.py,390
Clear-text logging of sensitive information,error,/53621.py,69
Clear-text logging of sensitive information,error,/53854.py,186
Clear-text logging of sensitive information,error,/53854.py,184
Insecure temporary file,error,/54179.py,642
URL redirection from remote source,error,/54251.py,83
Information exposure through an exception,error,/54408.py,502
Information exposure through an exception,error,/54408.py,517
Information exposure through an exception,error,/54521.py,88
Uncontrolled command line,error,/54408.py,827
Accepting unknown SSH host keys when using Paramiko,error,/54268.py,525
Accepting unknown SSH host keys when using Paramiko,error,/54670.py,241
Flask app is run in debug mode,error,/54087.py,46
Uncontrolled data used in path expression,error,/54408.py,361
Uncontrolled data used in path expression,error,/54408.py,495
Uncontrolled data used in path expression,error,/54408.py,805
Uncontrolled data used in path expression,error,/54408.py,808
Uncontrolled data used in path expression,error,/54408.py,819
Uncontrolled data used in path expression,error,/54408.py,839
Insecure temporary file,error,/55285.py,212
Insecure temporary file,error,/55739.py,428
URL redirection from remote source,error,/55659.py,115
URL redirection from remote source,error,/55659.py,95
Binding a socket to all network interfaces,error,/55734.py,508
Binding a socket to all network interfaces,error,/55982.py,22
Uncontrolled data used in path expression,error,/55114.py,329
Insecure temporary file,error,/56819.py,386
Clear-text logging of sensitive information,error,/56267.py,53
Clear-text logging of sensitive information,error,/56980.py,136
Clear-text logging of sensitive information,error,/56980.py,160
Clear-text logging of sensitive information,error,/56980.py,181
Uncontrolled data used in path expression,error,/56670.py,17
Inefficient regular expression,error,/57427.py,58
Inefficient regular expression,error,/57832.py,76
Inefficient regular expression,error,/57898.py,40
Insecure temporary file,error,/57520.py,37
Insecure temporary file,error,/57537.py,17
Information exposure through an exception,error,/57618.py,51
Information exposure through an exception,error,/57618.py,73
Information exposure through an exception,error,/57618.py,100
Binding a socket to all network interfaces,error,/57622.py,29
Reflected server-side cross-site scripting,error,/57029.py,155
Reflected server-side cross-site scripting,error,/57575.py,25
Accepting unknown SSH host keys when using Paramiko,error,/57910.py,24
Flask app is run in debug mode,error,/57062.py,165
Clear-text logging of sensitive information,error,/57024.py,77
Clear-text logging of sensitive information,error,/57024.py,81
Clear-text logging of sensitive information,error,/57176.py,378
Clear-text logging of sensitive information,error,/57585.py,882
Clear-text logging of sensitive information,error,/57898.py,303
Clear-text logging of sensitive information,error,/57898.py,384
Clear-text storage of sensitive information,error,/57500.py,856
Inefficient regular expression,error,/58635.py,222
Inefficient regular expression,error,/58635.py,222
Insecure temporary file,error,/58841.py,62
Insecure temporary file,error,/58841.py,94
URL redirection from remote source,error,/58435.py,165
Reflected server-side cross-site scripting,error,/58185.py,48
Accepting unknown SSH host keys when using Paramiko,error,/58908.py,109
Clear-text logging of sensitive information,error,/58251.py,77
Clear-text logging of sensitive information,error,/58251.py,81
Clear-text logging of sensitive information,error,/58675.py,60
Insecure temporary file,error,/59192.py,60
Insecure temporary file,error,/59192.py,72
Insecure temporary file,error,/59192.py,86
Insecure temporary file,error,/59192.py,95
Insecure temporary file,error,/59192.py,115
Insecure temporary file,error,/59192.py,125
Insecure temporary file,error,/59410.py,189
Insecure temporary file,error,/59418.py,30
Uncontrolled command line,error,/59219.py,457
Binding a socket to all network interfaces,error,/59849.py,279
Binding a socket to all network interfaces,error,/59849.py,551
Binding a socket to all network interfaces,error,/59849.py,561
Binding a socket to all network interfaces,error,/59849.py,614
Clear-text logging of sensitive information,error,/59746.py,34
Clear-text logging of sensitive information,error,/59746.py,58
Clear-text logging of sensitive information,error,/59746.py,97
Clear-text logging of sensitive information,error,/59746.py,192
Clear-text logging of sensitive information,error,/59746.py,224
Clear-text logging of sensitive information,error,/59816.py,265
Clear-text storage of sensitive information,error,/59746.py,227
Use of weak cryptographic key,error,/59311.py,34
Inefficient regular expression,error,/60104.py,21
Insecure temporary file,error,/60627.py,147
Clear-text logging of sensitive information,error,/60241.py,28
Clear-text storage of sensitive information,error,/60155.py,83
Inefficient regular expression,error,/61233.py,21
Insecure temporary file,error,/61741.py,186
URL redirection from remote source,error,/61283.py,64
URL redirection from remote source,error,/61283.py,82
URL redirection from remote source,error,/61283.py,95
URL redirection from remote source,error,/61283.py,133
URL redirection from remote source,error,/61283.py,444
Information exposure through an exception,error,/61053.py,382
Information exposure through an exception,error,/61053.py,674
Information exposure through an exception,error,/61053.py,702
Information exposure through an exception,error,/61053.py,704
Binding a socket to all network interfaces,error,/61373.py,240
Clear-text storage of sensitive information,error,/61276.py,45
Inefficient regular expression,error,/62040.py,174
Inefficient regular expression,error,/62543.py,1237
Insecure temporary file,error,/62309.py,30
Insecure temporary file,error,/62309.py,45
Insecure temporary file,error,/62674.py,39
Insecure temporary file,error,/62674.py,60
URL redirection from remote source,error,/62590.py,123
Information exposure through an exception,error,/62511.py,1056
Information exposure through an exception,error,/62511.py,2167
Information exposure through an exception,error,/62511.py,2735
Information exposure through an exception,error,/62511.py,2816
Information exposure through an exception,error,/62511.py,2879
Information exposure through an exception,error,/62511.py,3325
Information exposure through an exception,error,/62511.py,3857
Information exposure through an exception,error,/62511.py,4235
Binding a socket to all network interfaces,error,/62815.py,723
Clear-text logging of sensitive information,error,/62422.py,73
Insecure temporary file,error,/63136.py,191
Insecure temporary file,error,/63136.py,328
Insecure temporary file,error,/63221.py,22
Insecure temporary file,error,/63266.py,213
Insecure temporary file,error,/63409.py,580
Insecure temporary file,error,/63527.py,2623
Information exposure through an exception,error,/63754.py,232
Binding a socket to all network interfaces,error,/63168.py,91
Binding a socket to all network interfaces,error,/63863.py,11
Binding a socket to all network interfaces,error,/63877.py,301
Reflected server-side cross-site scripting,error,/63753.py,417
Reflected server-side cross-site scripting,error,/63753.py,434
Reflected server-side cross-site scripting,error,/63753.py,1212
Accepting unknown SSH host keys when using Paramiko,error,/63110.py,265
Accepting unknown SSH host keys when using Paramiko,error,/63806.py,152
Clear-text logging of sensitive information,error,/63003.py,928
Clear-text logging of sensitive information,error,/63003.py,929
Clear-text logging of sensitive information,error,/63003.py,819
Clear-text logging of sensitive information,error,/63003.py,819
Clear-text logging of sensitive information,error,/63110.py,317
Clear-text logging of sensitive information,error,/63110.py,331
Clear-text storage of sensitive information,error,/63322.py,54
Clear-text storage of sensitive information,error,/63322.py,56
Clear-text storage of sensitive information,error,/63322.py,58
Clear-text storage of sensitive information,error,/63322.py,59
Clear-text storage of sensitive information,error,/63322.py,63
Clear-text storage of sensitive information,error,/63322.py,64
Clear-text storage of sensitive information,error,/63482.py,1211
Clear-text storage of sensitive information,error,/63482.py,1214
Insecure temporary file,error,/64727.py,312
Information exposure through an exception,error,/64269.py,88
Binding a socket to all network interfaces,error,/64266.py,59
Inefficient regular expression,error,/65785.py,98
URL redirection from remote source,error,/65204.py,46
URL redirection from remote source,error,/65305.py,33
Information exposure through an exception,error,/65980.py,54
Binding a socket to all network interfaces,error,/65882.py,245
Reflected server-side cross-site scripting,error,/65980.py,160
Inefficient regular expression,error,/66756.py,81
URL redirection from remote source,error,/66450.py,61
Information exposure through an exception,error,/66668.py,434
Binding a socket to all network interfaces,error,/66024.py,13
Binding a socket to all network interfaces,error,/66649.py,48
Accepting unknown SSH host keys when using Paramiko,error,/66212.py,23
Accepting unknown SSH host keys when using Paramiko,error,/66271.py,60
Clear-text logging of sensitive information,error,/66047.py,1935
Clear-text logging of sensitive information,error,/66171.py,160
Clear-text storage of sensitive information,error,/66868.py,25
Inefficient regular expression,error,/67574.py,34
Insecure temporary file,error,/67279.py,81
Insecure temporary file,error,/67279.py,157
URL redirection from remote source,error,/67399.py,158
Accepting unknown SSH host keys when using Paramiko,error,/67421.py,245
Flask app is run in debug mode,error,/67386.py,115
Clear-text logging of sensitive information,error,/67113.py,149
Clear-text logging of sensitive information,error,/67113.py,162
Clear-text logging of sensitive information,error,/67113.py,164
Clear-text logging of sensitive information,error,/67113.py,173
Clear-text logging of sensitive information,error,/67113.py,179
Clear-text logging of sensitive information,error,/67113.py,184
Clear-text logging of sensitive information,error,/67113.py,188
Clear-text logging of sensitive information,error,/67548.py,997
Clear-text logging of sensitive information,error,/67548.py,1184
Clear-text logging of sensitive information,error,/67548.py,2309
Clear-text logging of sensitive information,error,/67548.py,2310
Clear-text logging of sensitive information,error,/67548.py,2311
Clear-text logging of sensitive information,error,/67548.py,2317
Clear-text logging of sensitive information,error,/67548.py,2332
Clear-text logging of sensitive information,error,/67548.py,2481
Clear-text storage of sensitive information,error,/67737.py,1469
Use of weak cryptographic key,error,/67727.py,134
Use of weak cryptographic key,error,/67727.py,139
Uncontrolled data used in path expression,error,/67399.py,32
Uncontrolled data used in path expression,error,/67399.py,47
Inefficient regular expression,error,/68292.py,146
Inefficient regular expression,error,/68581.py,101
URL redirection from remote source,error,/68868.py,99
URL redirection from remote source,error,/68868.py,134
Binding a socket to all network interfaces,error,/68217.py,1766
Reflected server-side cross-site scripting,error,/68868.py,79
Reflected server-side cross-site scripting,error,/68868.py,117
Flask app is run in debug mode,error,/68385.py,109
Clear-text storage of sensitive information,error,/68217.py,77
Inefficient regular expression,error,/69869.py,282
Insecure temporary file,error,/69494.py,2655
Insecure temporary file,error,/69579.py,457
Insecure temporary file,error,/69877.py,521
Insecure temporary file,error,/69954.py,280
Information exposure through an exception,error,/69083.py,15
Reflected server-side cross-site scripting,error,/69247.py,165
Flask app is run in debug mode,error,/69016.py,78
Flask app is run in debug mode,error,/69541.py,184
Clear-text storage of sensitive information,error,/69021.py,476
Clear-text storage of sensitive information,error,/69021.py,527
Clear-text storage of sensitive information,error,/69547.py,229
Clear-text storage of sensitive information,error,/69930.py,655
Insecure temporary file,error,/70237.py,99
Binding a socket to all network interfaces,error,/70557.py,27
Reflected server-side cross-site scripting,error,/70649.py,155
Reflected server-side cross-site scripting,error,/70675.py,40
Reflected server-side cross-site scripting,error,/70675.py,57
Flask app is run in debug mode,error,/70506.py,131
Flask app is run in debug mode,error,/70649.py,250
Flask app is run in debug mode,error,/70987.py,89
Clear-text logging of sensitive information,error,/70460.py,28
Clear-text logging of sensitive information,error,/70892.py,77
Clear-text logging of sensitive information,error,/70892.py,81
Clear-text storage of sensitive information,error,/70063.py,212
Uncontrolled data used in path expression,error,/70100.py,1020
Uncontrolled data used in path expression,error,/70100.py,1021
Insecure temporary file,error,/71091.py,38
URL redirection from remote source,error,/71103.py,139
URL redirection from remote source,error,/71225.py,79
Binding a socket to all network interfaces,error,/71732.py,80
Accepting unknown SSH host keys when using Paramiko,error,/71338.py,117
Flask app is run in debug mode,error,/71480.py,70
Flask app is run in debug mode,error,/71897.py,164
Clear-text logging of sensitive information,error,/71368.py,191
Clear-text logging of sensitive information,error,/71368.py,704
Clear-text logging of sensitive information,error,/71502.py,126
Clear-text logging of sensitive information,error,/71502.py,150
Clear-text logging of sensitive information,error,/71502.py,181
URL redirection from remote source,error,/72443.py,38
URL redirection from remote source,error,/72443.py,46
Information exposure through an exception,error,/72281.py,221
Information exposure through an exception,error,/72281.py,247
Information exposure through an exception,error,/72546.py,165
Information exposure through an exception,error,/72546.py,200
Binding a socket to all network interfaces,error,/72348.py,24
Binding a socket to all network interfaces,error,/72384.py,355
Binding a socket to all network interfaces,error,/72443.py,103
Binding a socket to all network interfaces,error,/72484.py,129
Reflected server-side cross-site scripting,error,/72443.py,57
Flask app is run in debug mode,error,/72852.py,664
Clear-text logging of sensitive information,error,/72745.py,248
Clear-text storage of sensitive information,error,/72698.py,30
SQL query built from user-controlled sources,error,/72852.py,61
SQL query built from user-controlled sources,error,/72852.py,505
Inefficient regular expression,error,/73404.py,39
Inefficient regular expression,error,/73404.py,45
Inefficient regular expression,error,/73631.py,189
URL redirection from remote source,error,/73473.py,42
Binding a socket to all network interfaces,error,/73458.py,36
Reflected server-side cross-site scripting,error,/73611.py,523
Reflected server-side cross-site scripting,error,/73611.py,540
Reflected server-side cross-site scripting,error,/73611.py,1372
Reflected server-side cross-site scripting,error,/73611.py,2718
Accepting unknown SSH host keys when using Paramiko,error,/73185.py,164
Accepting unknown SSH host keys when using Paramiko,error,/73866.py,149
Clear-text logging of sensitive information,error,/73337.py,150
Clear-text logging of sensitive information,error,/73553.py,57
Clear-text logging of sensitive information,error,/73857.py,28
Clear-text logging of sensitive information,error,/73982.py,923
Clear-text storage of sensitive information,error,/73512.py,34
Uncontrolled data used in path expression,error,/73458.py,122
Uncontrolled data used in path expression,error,/73458.py,120
Uncontrolled data used in path expression,error,/73865.py,368
Uncontrolled data used in path expression,error,/73865.py,369
Uncontrolled data used in path expression,error,/73865.py,370
Insecure temporary file,error,/74447.py,174
Insecure temporary file,error,/74533.py,636
Insecure temporary file,error,/74561.py,574
Insecure temporary file,error,/74561.py,594
Insecure temporary file,error,/74561.py,615
Insecure temporary file,error,/74561.py,637
Binding a socket to all network interfaces,error,/74150.py,63
Binding a socket to all network interfaces,error,/74365.py,666
Binding a socket to all network interfaces,error,/74365.py,697
Binding a socket to all network interfaces,error,/74416.py,1308
Accepting unknown SSH host keys when using Paramiko,error,/74303.py,277
Clear-text logging of sensitive information,error,/74638.py,347
Clear-text storage of sensitive information,error,/74407.py,222
Insecure temporary file,error,/75689.py,167
Insecure temporary file,error,/75689.py,1224
Insecure temporary file,error,/75689.py,1474
Insecure temporary file,error,/75786.py,106
Insecure temporary file,error,/75786.py,107
Information exposure through an exception,error,/75720.py,79
Binding a socket to all network interfaces,error,/75779.py,393
Binding a socket to all network interfaces,error,/75829.py,78
Accepting unknown SSH host keys when using Paramiko,error,/75270.py,93
Clear-text logging of sensitive information,error,/75083.py,1109
Clear-text logging of sensitive information,error,/75614.py,346
Clear-text logging of sensitive information,error,/75706.py,62
Clear-text logging of sensitive information,error,/75706.py,66
Insecure temporary file,error,/76186.py,20
Insecure temporary file,error,/76415.py,128
Reflected server-side cross-site scripting,error,/76733.py,163
Reflected server-side cross-site scripting,error,/76733.py,172
Reflected server-side cross-site scripting,error,/76733.py,176
Flask app is run in debug mode,error,/76501.py,154
Clear-text logging of sensitive information,error,/76024.py,41
Clear-text logging of sensitive information,error,/76158.py,97
Clear-text logging of sensitive information,error,/76815.py,1092
Full server-side request forgery,error,/76934.py,20
Full server-side request forgery,error,/76934.py,29
Uncontrolled data used in path expression,error,/76060.py,52
Uncontrolled data used in path expression,error,/76060.py,52
Uncontrolled data used in path expression,error,/76060.py,55
Uncontrolled data used in path expression,error,/76060.py,127
Uncontrolled data used in path expression,error,/76060.py,173
Uncontrolled data used in path expression,error,/76060.py,208
Inefficient regular expression,error,/77012.py,101
Insecure temporary file,error,/77281.py,62
Insecure temporary file,error,/77764.py,41
Binding a socket to all network interfaces,error,/77985.py,75
Reflected server-side cross-site scripting,error,/77363.py,46
Reflected server-side cross-site scripting,error,/77363.py,154
Reflected server-side cross-site scripting,error,/77363.py,518
Accepting unknown SSH host keys when using Paramiko,error,/77291.py,166
Insecure temporary file,error,/78357.py,1329
Insecure temporary file,error,/78357.py,1394
Insecure temporary file,error,/78357.py,1410
Insecure temporary file,error,/78357.py,1422
Insecure temporary file,error,/78357.py,1434
Insecure temporary file,error,/78357.py,1444
Insecure temporary file,error,/78357.py,1454
Insecure temporary file,error,/78357.py,1471
Insecure temporary file,error,/78357.py,1477
Insecure temporary file,error,/78424.py,2555
Insecure temporary file,error,/78627.py,68
Insecure temporary file,error,/78627.py,1731
Insecure temporary file,error,/78627.py,1732
Insecure temporary file,error,/78627.py,1733
Clear-text storage of sensitive information,error,/78575.py,967
Clear-text storage of sensitive information,error,/78632.py,1272
Clear-text storage of sensitive information,error,/78632.py,1275
Uncontrolled data used in path expression,error,/78523.py,361
Inefficient regular expression,error,/79861.py,7
Insecure temporary file,error,/79059.py,298
Insecure temporary file,error,/79638.py,42
Insecure temporary file,error,/79780.py,89
Insecure temporary file,error,/79780.py,1218
Insecure temporary file,error,/79780.py,1255
Insecure temporary file,error,/79784.py,33
Insecure temporary file,error,/79784.py,48
Insecure temporary file,error,/79784.py,62
Insecure temporary file,error,/79784.py,81
Insecure temporary file,error,/79794.py,90
Insecure temporary file,error,/79794.py,92
Information exposure through an exception,error,/79754.py,757
Accepting unknown SSH host keys when using Paramiko,error,/79467.py,121
Flask app is run in debug mode,error,/79815.py,63
Clear-text logging of sensitive information,error,/79159.py,164
Clear-text storage of sensitive information,error,/79106.py,103
Clear-text storage of sensitive information,error,/79176.py,123
Clear-text storage of sensitive information,error,/79784.py,64
Inefficient regular expression,error,/80747.py,20
Insecure temporary file,error,/80130.py,93
Insecure temporary file,error,/80237.py,25
Insecure temporary file,error,/80466.py,55
Insecure temporary file,error,/80466.py,57
Insecure temporary file,error,/80987.py,17
Insecure temporary file,error,/80987.py,25
Insecure temporary file,error,/80987.py,33
Insecure temporary file,error,/80987.py,41
Insecure temporary file,error,/80987.py,49
Insecure temporary file,error,/80987.py,57
Insecure temporary file,error,/80987.py,65
Insecure temporary file,error,/80987.py,73
Insecure temporary file,error,/80987.py,81
Insecure temporary file,error,/80987.py,91
Insecure temporary file,error,/80987.py,100
Insecure temporary file,error,/80987.py,192
Insecure temporary file,error,/80987.py,207
Insecure temporary file,error,/80987.py,222
Insecure temporary file,error,/80987.py,237
Insecure temporary file,error,/80987.py,252
Insecure temporary file,error,/80987.py,269
Insecure temporary file,error,/80987.py,284
Insecure temporary file,error,/80987.py,300
Insecure temporary file,error,/80987.py,324
URL redirection from remote source,error,/80036.py,44
URL redirection from remote source,error,/80036.py,55
Binding a socket to all network interfaces,error,/80061.py,63
Reflected server-side cross-site scripting,error,/80303.py,115
Accepting unknown SSH host keys when using Paramiko,error,/80386.py,73
Accepting unknown SSH host keys when using Paramiko,error,/80386.py,75
Clear-text logging of sensitive information,error,/80171.py,181
Clear-text logging of sensitive information,error,/80171.py,181
Clear-text logging of sensitive information,error,/80240.py,354
Clear-text logging of sensitive information,error,/80240.py,401
Clear-text logging of sensitive information,error,/80240.py,410
Clear-text logging of sensitive information,error,/80240.py,476
Clear-text logging of sensitive information,error,/80240.py,645
Clear-text logging of sensitive information,error,/80517.py,228
Clear-text logging of sensitive information,error,/80517.py,232
Clear-text logging of sensitive information,error,/80517.py,475
Clear-text logging of sensitive information,error,/80517.py,697
Clear-text logging of sensitive information,error,/80517.py,532
Clear-text logging of sensitive information,error,/80704.py,393
Uncontrolled data used in path expression,error,/80289.py,38
Uncontrolled data used in path expression,error,/80289.py,129
Insecure temporary file,error,/81199.py,56
Insecure temporary file,error,/81199.py,72
Insecure temporary file,error,/81609.py,42
Insecure temporary file,error,/81609.py,199
Information exposure through an exception,error,/81156.py,363
Information exposure through an exception,error,/81156.py,468
Information exposure through an exception,error,/81156.py,930
Deserialization of user-controlled data,error,/81537.py,102
Deserialization of user-controlled data,error,/81537.py,103
Deserialization of user-controlled data,error,/81537.py,109
Deserialization of user-controlled data,error,/81537.py,110
Clear-text logging of sensitive information,error,/81188.py,253
Clear-text logging of sensitive information,error,/81240.py,435
Clear-text storage of sensitive information,error,/81595.py,12
Clear-text storage of sensitive information,error,/81609.py,201
Uncontrolled data used in path expression,error,/81402.py,131
Uncontrolled data used in path expression,error,/81497.py,300
Inefficient regular expression,error,/82055.py,33
Inefficient regular expression,error,/82055.py,38
Inefficient regular expression,error,/82055.py,38
Insecure temporary file,error,/82083.py,1386
Insecure temporary file,error,/82797.py,63
Information exposure through an exception,error,/82502.py,213
Information exposure through an exception,error,/82502.py,216
Information exposure through an exception,error,/82813.py,76
Flask app is run in debug mode,error,/82650.py,94
Clear-text logging of sensitive information,error,/82379.py,161
Clear-text logging of sensitive information,error,/82379.py,189
Clear-text logging of sensitive information,error,/82379.py,204
Clear-text logging of sensitive information,error,/82379.py,234
Clear-text logging of sensitive information,error,/82379.py,243
Clear-text logging of sensitive information,error,/82379.py,254
Clear-text logging of sensitive information,error,/82442.py,31
Clear-text logging of sensitive information,error,/82442.py,124
Clear-text logging of sensitive information,error,/82442.py,143
Clear-text storage of sensitive information,error,/82390.py,58
Clear-text storage of sensitive information,error,/82390.py,68
Clear-text storage of sensitive information,error,/82390.py,78
Inefficient regular expression,error,/83767.py,3200
Inefficient regular expression,error,/83767.py,3202
Inefficient regular expression,error,/83767.py,3203
Insecure temporary file,error,/83192.py,1387
URL redirection from remote source,error,/83264.py,71
Information exposure through an exception,error,/83134.py,161
Information exposure through an exception,error,/83134.py,172
Uncontrolled command line,error,/83360.py,458
Binding a socket to all network interfaces,error,/83825.py,57
Flask app is run in debug mode,error,/83182.py,61
Clear-text logging of sensitive information,error,/83636.py,156
Clear-text logging of sensitive information,error,/83692.py,56
Inefficient regular expression,error,/84516.py,572
Insecure temporary file,error,/84645.py,62
Binding a socket to all network interfaces,error,/84952.py,72
Reflected server-side cross-site scripting,error,/84727.py,69
Reflected server-side cross-site scripting,error,/84727.py,72
Reflected server-side cross-site scripting,error,/84727.py,91
Reflected server-side cross-site scripting,error,/84727.py,93
Reflected server-side cross-site scripting,error,/84727.py,658
Reflected server-side cross-site scripting,error,/84727.py,783
Accepting unknown SSH host keys when using Paramiko,error,/84141.py,88
Accepting unknown SSH host keys when using Paramiko,error,/84768.py,40
Inefficient regular expression,error,/85099.py,96
Insecure temporary file,error,/85107.py,104
Insecure temporary file,error,/85107.py,105
Insecure temporary file,error,/85893.py,488
URL redirection from remote source,error,/85101.py,56
Information exposure through an exception,error,/85918.py,408
Information exposure through an exception,error,/85918.py,640
Information exposure through an exception,error,/85918.py,859
Information exposure through an exception,error,/85918.py,883
Information exposure through an exception,error,/85918.py,995
Information exposure through an exception,error,/85918.py,1066
Information exposure through an exception,error,/85918.py,1095
Binding a socket to all network interfaces,error,/85379.py,11
Reflected server-side cross-site scripting,error,/85822.py,213
Reflected server-side cross-site scripting,error,/85822.py,259
Clear-text logging of sensitive information,error,/85449.py,1343
Clear-text logging of sensitive information,error,/85449.py,1344
Clear-text logging of sensitive information,error,/85449.py,1349
Clear-text logging of sensitive information,error,/85449.py,1355
Clear-text logging of sensitive information,error,/85449.py,1356
Clear-text logging of sensitive information,error,/85449.py,1357
Clear-text logging of sensitive information,error,/85449.py,1374
Clear-text logging of sensitive information,error,/85449.py,1375
Clear-text logging of sensitive information,error,/85449.py,1382
Clear-text logging of sensitive information,error,/85449.py,1411
Clear-text logging of sensitive information,error,/85449.py,1412
Clear-text logging of sensitive information,error,/85449.py,1414
Clear-text logging of sensitive information,error,/85848.py,65
Clear-text storage of sensitive information,error,/85449.py,1642
Uncontrolled data used in path expression,error,/85822.py,104
Uncontrolled data used in path expression,error,/85822.py,149
Uncontrolled data used in path expression,error,/85822.py,163
Uncontrolled data used in path expression,error,/85822.py,254
Inefficient regular expression,error,/86811.py,17
Insecure temporary file,error,/86114.py,171
Insecure temporary file,error,/86875.py,31
URL redirection from remote source,error,/86537.py,555
Reflected server-side cross-site scripting,error,/86009.py,139
Reflected server-side cross-site scripting,error,/86439.py,42
Clear-text logging of sensitive information,error,/86615.py,44
Clear-text logging of sensitive information,error,/86615.py,68
Clear-text logging of sensitive information,error,/86712.py,20
Clear-text logging of sensitive information,error,/86712.py,33
Clear-text logging of sensitive information,error,/86961.py,104
Insecure temporary file,error,/87248.py,103
Insecure temporary file,error,/87306.py,94
Insecure temporary file,error,/87560.py,47
Insecure temporary file,error,/87578.py,3093
Binding a socket to all network interfaces,error,/87578.py,3050
Reflected server-side cross-site scripting,error,/87782.py,370
Reflected server-side cross-site scripting,error,/87782.py,387
Reflected server-side cross-site scripting,error,/87782.py,808
Accepting unknown SSH host keys when using Paramiko,error,/87861.py,160
Clear-text logging of sensitive information,error,/87598.py,162
Clear-text logging of sensitive information,error,/87598.py,191
Clear-text logging of sensitive information,error,/87598.py,208
Clear-text logging of sensitive information,error,/87598.py,238
Clear-text logging of sensitive information,error,/87598.py,247
Clear-text logging of sensitive information,error,/87598.py,258
Clear-text logging of sensitive information,error,/87723.py,141
Insecure temporary file,error,/88378.py,1022
URL redirection from remote source,error,/88379.py,870
URL redirection from remote source,error,/88379.py,874
URL redirection from remote source,error,/88379.py,892
URL redirection from remote source,error,/88379.py,904
URL redirection from remote source,error,/88379.py,917
URL redirection from remote source,error,/88379.py,925
URL redirection from remote source,error,/88379.py,940
URL redirection from remote source,error,/88379.py,951
URL redirection from remote source,error,/88379.py,960
URL redirection from remote source,error,/88379.py,1056
URL redirection from remote source,error,/88379.py,1063
URL redirection from remote source,error,/88379.py,1070
URL redirection from remote source,error,/88379.py,1104
URL redirection from remote source,error,/88379.py,1108
URL redirection from remote source,error,/88379.py,1119
URL redirection from remote source,error,/88379.py,1664
URL redirection from remote source,error,/88472.py,104
URL redirection from remote source,error,/88587.py,67
URL redirection from remote source,error,/88587.py,113
Information exposure through an exception,error,/88167.py,68
Binding a socket to all network interfaces,error,/88511.py,92
Accepting unknown SSH host keys when using Paramiko,error,/88606.py,105
Insecure temporary file,error,/89143.py,54
Insecure temporary file,error,/89600.py,40
Insecure temporary file,error,/89947.py,28
URL redirection from remote source,error,/89219.py,182
Accepting unknown SSH host keys when using Paramiko,error,/89826.py,218
Flask app is run in debug mode,error,/89698.py,157
Clear-text storage of sensitive information,error,/89237.py,44
Uncontrolled data used in path expression,error,/89418.py,59
Inefficient regular expression,error,/90034.py,72
Insecure temporary file,error,/90733.py,1436
Insecure temporary file,error,/90861.py,769
URL redirection from remote source,error,/90221.py,182
URL redirection from remote source,error,/90221.py,278
URL redirection from remote source,error,/90909.py,40
Information exposure through an exception,error,/90121.py,2790
Information exposure through an exception,error,/90121.py,2807
Information exposure through an exception,error,/90121.py,2826
Information exposure through an exception,error,/90121.py,2852
Information exposure through an exception,error,/90121.py,2875
Reflected server-side cross-site scripting,error,/90791.py,88
Reflected server-side cross-site scripting,error,/90791.py,94
Accepting unknown SSH host keys when using Paramiko,error,/90092.py,580
Accepting unknown SSH host keys when using Paramiko,error,/90092.py,607
Accepting unknown SSH host keys when using Paramiko,error,/90092.py,664
Clear-text logging of sensitive information,error,/90889.py,360
Inefficient regular expression,error,/91248.py,3673
Inefficient regular expression,error,/91248.py,3673
Inefficient regular expression,error,/91248.py,3674
Inefficient regular expression,error,/91248.py,3674
Inefficient regular expression,error,/91248.py,3675
Inefficient regular expression,error,/91248.py,3675
Inefficient regular expression,error,/91248.py,3675
Inefficient regular expression,error,/91248.py,3675
Inefficient regular expression,error,/91248.py,3794
Inefficient regular expression,error,/91248.py,3799
URL redirection from remote source,error,/91610.py,29
URL redirection from remote source,error,/91779.py,64
Clear-text logging of sensitive information,error,/91276.py,47
Clear-text logging of sensitive information,error,/91378.py,140
Clear-text logging of sensitive information,error,/91378.py,140
Clear-text logging of sensitive information,error,/91378.py,148
Clear-text logging of sensitive information,error,/91378.py,148
Clear-text logging of sensitive information,error,/91477.py,153
Clear-text logging of sensitive information,error,/91477.py,153
Clear-text logging of sensitive information,error,/91477.py,153
Clear-text logging of sensitive information,error,/91477.py,184
Clear-text logging of sensitive information,error,/91477.py,187
Clear-text logging of sensitive information,error,/91477.py,291
Clear-text storage of sensitive information,error,/91598.py,515
Clear-text storage of sensitive information,error,/91598.py,564
Clear-text storage of sensitive information,error,/91598.py,684
Clear-text storage of sensitive information,error,/91598.py,797
Inefficient regular expression,error,/92726.py,1134
Insecure temporary file,error,/92261.py,79
URL redirection from remote source,error,/92688.py,190
URL redirection from remote source,error,/92688.py,213
URL redirection from remote source,error,/92688.py,221
Binding a socket to all network interfaces,error,/92031.py,243
Binding a socket to all network interfaces,error,/92238.py,164
Inefficient regular expression,error,/93379.py,3645
Inefficient regular expression,error,/93379.py,3645
Inefficient regular expression,error,/93379.py,3646
Inefficient regular expression,error,/93379.py,3646
Inefficient regular expression,error,/93379.py,3647
Inefficient regular expression,error,/93379.py,3647
Inefficient regular expression,error,/93379.py,3647
Inefficient regular expression,error,/93379.py,3647
Inefficient regular expression,error,/93379.py,3763
Inefficient regular expression,error,/93379.py,3768
Information exposure through an exception,error,/93197.py,248
Information exposure through an exception,error,/93197.py,293
Information exposure through an exception,error,/93276.py,54
Information exposure through an exception,error,/93276.py,103
Binding a socket to all network interfaces,error,/93567.py,113
Binding a socket to all network interfaces,error,/93568.py,40
Binding a socket to all network interfaces,error,/93846.py,332
Reflected server-side cross-site scripting,error,/93184.py,51
Inefficient regular expression,error,/94509.py,300
Inefficient regular expression,error,/94862.py,9
Inefficient regular expression,error,/94986.py,16
Inefficient regular expression,error,/94986.py,32
Inefficient regular expression,error,/94986.py,46
Inefficient regular expression,error,/94986.py,74
Insecure temporary file,error,/94183.py,150
Insecure temporary file,error,/94183.py,185
Insecure temporary file,error,/94183.py,220
Insecure temporary file,error,/94183.py,258
Insecure temporary file,error,/94183.py,323
Insecure temporary file,error,/94183.py,363
Insecure temporary file,error,/94779.py,13
URL redirection from remote source,error,/94974.py,739
URL redirection from remote source,error,/94974.py,757
URL redirection from remote source,error,/94974.py,769
URL redirection from remote source,error,/94974.py,786
URL redirection from remote source,error,/94974.py,791
URL redirection from remote source,error,/94974.py,797
URL redirection from remote source,error,/94974.py,810
URL redirection from remote source,error,/94974.py,818
URL redirection from remote source,error,/94974.py,833
URL redirection from remote source,error,/94974.py,846
URL redirection from remote source,error,/94974.py,857
URL redirection from remote source,error,/94974.py,950
URL redirection from remote source,error,/94974.py,957
URL redirection from remote source,error,/94974.py,963
URL redirection from remote source,error,/94974.py,978
URL redirection from remote source,error,/94974.py,985
URL redirection from remote source,error,/94974.py,992
URL redirection from remote source,error,/94974.py,1039
URL redirection from remote source,error,/94974.py,1043
URL redirection from remote source,error,/94974.py,1054
URL redirection from remote source,error,/94974.py,1637
Information exposure through an exception,error,/94974.py,559
Flask app is run in debug mode,error,/94868.py,145
Clear-text storage of sensitive information,error,/94874.py,134
Clear-text storage of sensitive information,error,/94874.py,152
Clear-text storage of sensitive information,error,/94874.py,157
Uncontrolled data used in path expression,error,/94569.py,17
Uncontrolled data used in path expression,error,/94569.py,18
Inefficient regular expression,error,/95321.py,1205
Inefficient regular expression,error,/95787.py,22
Inefficient regular expression,error,/95964.py,16
Insecure temporary file,error,/95337.py,108
Information exposure through an exception,error,/95035.py,580
Information exposure through an exception,error,/95695.py,333
Information exposure through an exception,error,/95695.py,365
Information exposure through an exception,error,/95695.py,388
Binding a socket to all network interfaces,error,/95084.py,97
Binding a socket to all network interfaces,error,/95663.py,269
Binding a socket to all network interfaces,error,/95663.py,271
Reflected server-side cross-site scripting,error,/95277.py,139
Reflected server-side cross-site scripting,error,/95277.py,162
Reflected server-side cross-site scripting,error,/95277.py,795
Flask app is run in debug mode,error,/95277.py,2279
Clear-text logging of sensitive information,error,/95332.py,77
Clear-text logging of sensitive information,error,/95332.py,81
Clear-text logging of sensitive information,error,/95431.py,1104
Clear-text storage of sensitive information,error,/95245.py,134
Clear-text storage of sensitive information,error,/95245.py,158
Inefficient regular expression,error,/96116.py,23
Inefficient regular expression,error,/96304.py,146
Binding a socket to all network interfaces,error,/96382.py,33
Binding a socket to all network interfaces,error,/96732.py,98
Accepting unknown SSH host keys when using Paramiko,error,/96031.py,269
Accepting unknown SSH host keys when using Paramiko,error,/96207.py,46
Accepting unknown SSH host keys when using Paramiko,error,/96554.py,76
Clear-text logging of sensitive information,error,/96642.py,56
Clear-text logging of sensitive information,error,/96850.py,123
Clear-text logging of sensitive information,error,/96932.py,24
Clear-text storage of sensitive information,error,/96215.py,610
Clear-text storage of sensitive information,error,/96581.py,51
Clear-text storage of sensitive information,error,/96581.py,66
Insecure temporary file,error,/97251.py,231
Insecure temporary file,error,/97410.py,66
Insecure temporary file,error,/97410.py,564
Insecure temporary file,error,/97410.py,946
Insecure temporary file,error,/97423.py,329
Information exposure through an exception,error,/97593.py,106
Information exposure through an exception,error,/97657.py,834
Uncontrolled command line,error,/97309.py,274
Binding a socket to all network interfaces,error,/97500.py,60
Binding a socket to all network interfaces,error,/97540.py,894
Accepting unknown SSH host keys when using Paramiko,error,/97347.py,42
Accepting unknown SSH host keys when using Paramiko,error,/97347.py,57
Flask app is run in debug mode,error,/97315.py,257
Clear-text storage of sensitive information,error,/97200.py,30
Clear-text storage of sensitive information,error,/97524.py,38
Full server-side request forgery,error,/97410.py,140
Inefficient regular expression,error,/98681.py,18
Inefficient regular expression,error,/98855.py,299
Information exposure through an exception,error,/98078.py,27
Information exposure through an exception,error,/98887.py,228
Information exposure through an exception,error,/98887.py,297
Information exposure through an exception,error,/98887.py,333
Information exposure through an exception,error,/98887.py,616
Information exposure through an exception,error,/98887.py,751
Information exposure through an exception,error,/98887.py,781
Binding a socket to all network interfaces,error,/98794.py,59
Reflected server-side cross-site scripting,error,/98662.py,28
Reflected server-side cross-site scripting,error,/98662.py,41
Flask app is run in debug mode,error,/98486.py,119
Clear-text storage of sensitive information,error,/98091.py,87
Inefficient regular expression,error,/99391.py,35
Inefficient regular expression,error,/99790.py,44
Insecure temporary file,error,/99187.py,128
Insecure temporary file,error,/99274.py,1367
Insecure temporary file,error,/99387.py,478
Insecure temporary file,error,/99596.py,978
URL redirection from remote source,error,/99286.py,147
Accepting unknown SSH host keys when using Paramiko,error,/99506.py,61
Accepting unknown SSH host keys when using Paramiko,error,/99984.py,11
Flask app is run in debug mode,error,/99127.py,51
Flask app is run in debug mode,error,/99160.py,439
Clear-text logging of sensitive information,error,/99401.py,35
Clear-text storage of sensitive information,error,/99415.py,58
Clear-text storage of sensitive information,error,/99421.py,177
Uncontrolled data used in path expression,error,/99823.py,14
Uncontrolled data used in path expression,error,/99823.py,15
